Comment,Designator,Footprint,LCSC
"10pF","C10","Capacitor_SMD:C_0603_1608Metric","C1634"
"4.7uF","C12","Capacitor_SMD:C_0603_1608Metric","C19666"
"1uF","C5","Capacitor_SMD:C_0603_1608Metric","C15849"
"100nF","C1,C2,C3,C4,C6,C8,C11","Capacitor_SMD:C_0603_1608Metric","C14663"
"10uF","C7,C9,C13,C14","Capacitor_SMD:C_0603_1608Metric","C19702"
"LED","D1,D2,D3,D4,D5,D6,D7,D8,D9,D10,D11,D12,D13,D14,D15,D16,D17,D18,D19,D20,D21,D22,D23,D24,D25,D26,D27,D28,D29,D30,D31,D32,D33,D34,D35,D36,D37,D38,D39,D40,D41,D42,D43,D44,D45,D46,D47,D48,D49,D50,D51,D52,D53,D54,D55,D56,D57,D58,D59,D60,D61,D62,D63,D64,D65,D66,D67,D68,D69,D70,D71,D72,D73,D74,D75,D76,D77,D78,D79,D80,D81,D82,D83,D84,D85,D86,D87,D88,D89,D90,D91,D92,D93,D94,D95,D96,D97,D98,D99,D100,D101,D102,D103,D104,D105,D106,D107,D108,D109,D110,D111,D112,D113,D114,D115,D116,D117,D118,D119,D120,D121,D122,D123,D124,D125,D126,D127,D128,D129,D130,D131,D132,D133,D134,D135,D136,D137,D138,D139,D140,D141,D142,D143,D144,D145,D146,D147,D148,D149,D150,D151,D152,D153,D154,D155,D156,D157,D158,D159,D160,D161,D162,D163,D164,D165,D166,D167,D168,D169,D170,D171,D172,D173,D174,D175,D176,D177,D178,D179,D180,D181,D182,D183,D184,D185,D186,D187,D188,D189,D190,D191,D192,D193,D194,D195,D196,D197,D198,D199,D200,D201,D202,D203,D204,D205,D206,D207,D208,D209,D210,D211,D212,D213,D214,D215,D216,D217,D218,D219,D220,D221,D222,D223,D224,D225,D226,D227,D228,D229,D230,D231,D232,D233,D234,D235,D236,D237,D238,D239,D240,D241,D242,D243,D244,D245,D246,D247,D248,D249,D250,D251,D252,D253,D254,D255,D256,D257,D258,D259,D260,D261,D262,D263,D264,D265,D266,D267,D268,D269,D270,D271,D272,D273,D274,D275,D276,D277,D278,D279,D280,D281,D282,D283,D284,D285,D286,D287,D288,D289,D290,D291,D292,D293,D294,D295,D296,D297,D298,D299,D300,D301,D302,D303,D304,D305,D306,D307,D308,D309,D310,D311,D312,D313,D314,D315,D316,D317,D318,D319,D320,D321,D322,D323,D324,D325,D326,D327,D328,D329,D330,D331,D332,D333,D334,D335,D336,D337,D338,D339,D340,D341,D342,D343,D344,D345,D346,D347,D348,D349,D350,D351,D352,D353,D354,D355,D356,D357,D358,D359,D360,D361,D362,D363,D364,D365,D366,D367,D368,D369,D370,D371,D372,D373,D374,D375,D376,D377,D378,D379,D380,D381,D382,D383,D384,D385,D386,D387,D388,D389,D390,D391,D392,D393,D394,D395,D396,D397,D398,D399,D400,D401,D402,D403,D404,D405,D406,D407,D408,D409,D410,D411,D412,D413,D414,D415,D416,D417,D418,D419,D420,D421,D422,D423,D424,D425,D426,D427,D428,D429,D430,D431,D432,D433,D434,D435,D436,D437,D438,D439,D440,D441,D442,D443,D444,D445,D446,D447,D448,D449,D450,D451,D452,D453,D454,D455,D456,D457,D458,D459,D460,D461,D462,D463,D464,D465,D466,D467,D468,D469,D470,D471,D472,D473,D474,D475,D476,D477,D478,D479,D480,D481,D482,D483,D484,D485,D486,D487,D488,D489,D490,D491,D492,D493,D494,D495,D496,D497,D498,D499,D500,D501,D502,D503,D504,D505,D506,D507,D508,D509,D510,D511,D512","LED_SMD:LED_0402_1005Metric","C397045"
"LED","D513","LED_SMD:LED_0603_1608Metric","C72043"
"CHRG","D514","LED_SMD:LED_0603_1608Metric","C72041"
"SAMD21G18A","IC1","Package_DFN_QFN:QFN-48-1EP_7x7mm_P0.5mm_EP5.3x5.3mm","C78624"
"USB_C","J1","Connectors:USB_C_Receptacle_U262-161N-4BVC11","DNP"
"DEBUG","J2","Connector_PinHeader_2.54mm:PinHeader_1x06_P2.54mm_Vertical","DNP"
"LiPo 1S","J3","Connectors:PH2.0-SMD-Horizontal","DNP"
"2.2uH","L1","Inductor_SMD:L_0805_2012Metric","DNP"
"3412","Q1,Q2,Q3,Q4,Q5,Q6,Q7,Q8,Q9,Q10,Q11,Q12,Q13,Q14,Q15,Q16","Package_TO_SOT_SMD:SOT-23","C15127"
"R","R1,R2","Resistor_SMD:R_0603_1608Metric","C23186"
"100","R10","Resistor_SMD:R_0603_1608Metric","C22775"
"1","R12,R13,R14","Resistor_SMD:R_0603_1608Metric","C22936"
"2k","R16","Resistor_SMD:R_0603_1608Metric","C22975"
"360k","R17","Resistor_SMD:R_0603_1608Metric","C23146"
"82k","R18","Resistor_SMD:R_0603_1608Metric","C23254"
"5.1k","R3,R4","Resistor_SMD:R_0603_1608Metric","C23186"
"10k","R5","Resistor_SMD:R_0603_1608Metric","C25804"
"1k","R6,R11,R15","Resistor_SMD:R_0603_1608Metric","C21190"
"4.7k","R7,R8,R9","Resistor_SMD:R_0603_1608Metric","C23162"
"A","SW1","tom-mechanical:SW_SPST_SMD_2PIN_3.5x6.0","DNP"
"B","SW2","tom-mechanical:SW_SPST_SMD_2PIN_3.5x6.0","DNP"
"X","SW3","tom-mechanical:SW_SPST_SMD_2PIN_3.5x6.0","DNP"
"Y","SW4","tom-mechanical:SW_SPST_SMD_2PIN_3.5x6.0","DNP"
"RESET","SW5","Button_Switch_SMD:SW_SPST_PTS810","DNP"
"RX","TP1","Connectors:TestPoint_Large",""
"PA28","TP10","Connectors:TestPoint_Large",""
"PA27","TP11","Connectors:TestPoint_Large",""
"PA6","TP12","Connectors:TestPoint_Large",""
"PB23","TP13","Connectors:TestPoint_Large",""
"PA7","TP14","Connectors:TestPoint_Large",""
"PA0","TP15","Connectors:TestPoint_Large",""
"CLK","TP16","Connectors:TestPoint_Large",""
"LE","TP17","Connectors:TestPoint_Large",""
"BLK","TP18","Connectors:TestPoint_Large",""
"TX","TP2","Connectors:TestPoint_Large",""
"DAT","TP3","Connectors:TestPoint_Large",""
"PB3","TP4","Connectors:TestPoint_Large",""
"PA1","TP5","Connectors:TestPoint_Large",""
"PB2","TP6","Connectors:TestPoint_Large",""
"PA2","TP7","Connectors:TestPoint_Large",""
"PA3","TP8","Connectors:TestPoint_Large",""
"PB9","TP9","Connectors:TestPoint_Large",""
"74HC595","U1,U2","Package_SO:TSSOP-16_4.4x5mm_P0.65mm","C5948"
"TLC59025","U3,U4","Package_SO:SSOP-24_3.9x8.7mm_P0.635mm","DNP"
"GD25Q32C","U5","Package_SO:SOIC-8_5.23x5.23mm_P1.27mm","DNP"
"DW01","U6","Package_TO_SOT_SMD:SOT-23-6",""
"TLV62569DBV","U7","Package_TO_SOT_SMD:SOT-23-5","DNP"
"PM8205A","U8","Package_TO_SOT_SMD:SOT-23-6","DNP"
"HX4054A","U9","Package_TO_SOT_SMD:SOT-23-5","DNP"
"#badgelife","X1","badgelife_sao_v169bis:Badgelife-SAOv169-BADGE-2x3","DNP"